Relevance,Key_Points_Matched,Key_Points_Missing_Or_Wrong,Explanation
RELEVANT,"['The syntax for using `precision_recall_fscore_support` in Python.', 'The import statement: `from sklearn.metrics import precision_recall_fscore_support`.', 'The function call: `precision, recall, fscore, support = precision_recall_fscore_support(y_val, y_val_pred, zero_division=0)`.']",[],"The Generated Answer captures all the key facts and syntax details provided in the Original Answer, including the import statement and the function call with its parameters. There are no omissions or inaccuracies."
RELEVANT,"['Place the custom column transformer class into a separate module.', 'Import the module in both the script that saves the model (e.g., train.py) and the script that loads the model (e.g., predict.py).', 'This prevents pickle from looking for the class in the __main__ namespace, avoiding the pickle error.']",[],"The Generated Answer captures all key facts and claims from the Original Answer, including the solution to the pickle error and the reasoning behind it. Minor wording differences do not affect the accuracy or completeness of the information conveyed."
PARTLY_RELEVANT,['Command to launch a container image in interactive mode: docker run -it --entrypoint bash <image>'],['Steps to execute a command in an already running container: docker ps (find the container-id) and docker exec -it <container-id> bash'],"The Generated Answer correctly provides the command to launch a container image in interactive mode but omits the additional steps for interacting with an already running container, which are part of the Original Answer."
RELEVANT,"['You can make a pull request for homework solutions using PyTorch.', 'Lessons and homework primarily use Keras.', 'Equivalent solutions in PyTorch are encouraged for submission.']",[],"The Generated Answer captures all key facts and claims from the Original Answer, including the ability to submit homework solutions in PyTorch, the primary use of Keras in lessons and homework, and the encouragement to submit equivalent solutions in PyTorch. There are no omissions or contradictions."
NON_RELEVANT,[],"['The error is related to a version mismatch in the Python wheel, not Scikit-Learn.', 'The Original Answer specifies the need to use a Python 9-compatible wheel instead of Python 8.', 'The Original Answer mentions downloading the raw format of the wheel from a specific link, which is not addressed in the Generated Answer.']","The Generated Answer discusses a Scikit-Learn version conflict, which is unrelated to the Python wheel version mismatch described in the Original Answer. It does not address the key points about the specific wheel version or the download method provided in the Original Answer."
PARTLY_RELEVANT,"[""Run the command 'kubectl get hpa' after editing the metrics-server.""]","[""The Generated Answer omits the context of editing the metrics-server deployment to include '--kubelet-insecure-tls' and the troubleshooting steps related to HPA targets appearing as '<unknown>'.""]","The Generated Answer correctly identifies the command to check HPA status but lacks the broader context and troubleshooting steps provided in the Original Answer, which are critical to fully understanding the solution."
RELEVANT,"['Ensure you are using AWS CLI version 2.', 'Check the AWS CLI version using the command `aws --version`.', 'Refer to the AWS CLI v2 migration instructions at the provided link.']",[],"The Generated Answer captures all the key facts and instructions from the Original Answer, including verifying the AWS CLI version, ensuring it is version 2, and providing the relevant documentation link."
PARTLY_RELEVANT,"['The way of splitting data is a main reason for variations in accuracy values.', 'Different methods of splitting the dataset can result in variations in the data used for training, validation, and testing, even if the ratios remain the same.']","['Specific examples of splitting methods (Option 1 and Option 2) and their implications.', 'Recommendation to use the second method as being more consistent with lessons and homeworks.']",The Generated Answer captures the general idea that data splitting affects accuracy values but omits the detailed examples and recommendation provided in the Original Answer.
PARTLY_RELEVANT,"['You need to set the REMOTE_URI variable again by exporting it in the terminal.', 'Use the command `export REMOTE_URI=your_URI_address` to set the variable.', 'The variable will be lost once the session is terminated, so it needs to be reset in each new session.']","['The Generated Answer does not mention the workaround of using `echo $REMOTE_URI` to verify the variable.', 'It omits the clarification that curly brackets are not needed (e.g., `echo ${REMOTE_URI}` is unnecessary).', 'It does not specify replacing `REMOTE_URI` with your URI as highlighted in the Original Answer.']","The Generated Answer captures the general idea of resetting the REMOTE_URI variable but omits key details such as verifying the variable with `echo`, the note about curly brackets, and the explicit instruction to replace `REMOTE_URI` with the actual URI."
PARTLY_RELEVANT,['The script for generating the Kitchenware Classification Competition dataset is available at kitchenware-dataset-generator | Kaggle.'],"['The script was created because the dataset layout differed from the one used in the dino vs dragon lesson.', 'The script was written to accommodate users more comfortable with the dino vs dragon setup.', 'The author of the script is Martin Uribe.']","The Generated Answer correctly identifies the location of the script but omits contextual details about why the script was created, its purpose, and the author's name."
RELEVANT,"['The solution involves using a different Docker image instead of `tensorflow/serving:2.7.0`.', 'The recommended image is `emacski/tensorflow-serving:latest-linux_arm64`.', 'The commands to pull and run the ARM64-compatible Docker image are provided.', 'A link to the GitHub repository for more details is included.']",[],"The Generated Answer accurately conveys all key facts and instructions from the Original Answer, including the solution, specific Docker commands, and the reference to the GitHub repository for further information. There are no omissions or inaccuracies."
NON_RELEVANT,[],"['Re-initialize by running eb init -i and choosing the options from a list.', ""Edit the .elasticbeanstalk/config.yml file to change default_platform from Docker to 'Docker running on 64bit Amazon Linux 2023'."", 'Explanation of the disadvantage of the second approach: the option might not be available in future years.']","The Generated Answer does not address any of the key points from the Original Answer. Instead, it provides unrelated steps about downgrading the protobuf package and regenerating Protobuf files, which are not relevant to resolving the NotSupportedError described in the Original Answer."
RELEVANT,"[""The solution for fixing the 'Failed to find data adapter' error in the Keras model training was added by Tzvi Friedman.""]",[],"The Generated Answer accurately conveys the key fact from the Original Answer, which is that Tzvi Friedman added the solution for fixing the error. No key points are omitted or contradicted."
RELEVANT,"['Launch a PowerShell terminal with administrator privilege.', ""Install the choco library using the provided command: Set-ExecutionPolicy Bypass -Scope Process -Force; [System.Net.ServicePointManager]::SecurityProtocol = [System.Net.ServicePointManager]::SecurityProtocol -bor 3072; iex ((New-Object System.Net.WebClient).DownloadString('https://chocolatey.org/install.ps1')).""]",[],"The Generated Answer accurately conveys all key facts and steps from the Original Answer, including launching PowerShell with administrator privilege and the exact command to install the choco library. No omissions or distortions are present."
RELEVANT,"['Using the `requests` library to fetch data.', ""Fetching data from the URL 'https://raw.githubusercontent.com/alexeygrigorev/datasets/master/housing.csv'."", ""Saving the downloaded content as 'housing.csv' locally."", ""Handling the HTTP response status and printing 'Download failed' if the request is unsuccessful.""]",[],"The Generated Answer accurately captures all the key facts and steps from the Original Answer, including the use of the `requests` library, the specific URL, saving the file locally, and handling the HTTP response status."
RELEVANT,"['You can use mean_squared_error to compute RMSE in one step.', 'Setting the squared parameter to False allows direct computation of RMSE without needing to take the square root.']",[],"The Generated Answer accurately conveys all key facts and claims from the Original Answer, including the use of mean_squared_error with squared=False to compute RMSE directly. There are no omissions or contradictions."
RELEVANT,"['Documentation links for understanding how Lambda functions are initialized.', 'Specific links provided: https://docs.aws.amazon.com/lambda/latest/dg/images-create.html and https://docs.aws.amazon.com/lambda/latest/dg/runtimes-api.html.']",[],"The Generated Answer accurately conveys the key information from the Original Answer, including the intent to provide documentation links for understanding Lambda function initialization and the specific URLs mentioned."
RELEVANT,"['The dataset can be read directly into a pandas dataframe from a GitHub URL.', 'The code snippet provided demonstrates the use of `pd.read_csv` with a GitHub URL.']",[],"The Generated Answer accurately conveys all key facts and intent of the Original Answer, including the method and code snippet for reading data from a GitHub URL into a pandas dataframe."
RELEVANT,"['Using a random seed ensures a consistent and reproducible split of the data.', 'A seed value of 42 leads to all missing values being placed in the training dataframe.', 'The seed influences the random generation of split proportions.', 'Using a different seed value (e.g., 9) changes the distribution of missing values across dataframes.']",[],"The Generated Answer accurately conveys all key points from the Original Answer, including the role of the seed value in ensuring reproducibility and its impact on the placement of missing values in the dataframes."
RELEVANT,"['Go to the course page at http://mlzoomcamp.com/.', ""Scroll down and access the cohort folder for your specific cohort's year."", 'Read everything in the cohort folder.', 'Click on the links and start watching the videos.', 'Watch office hours from previous cohorts on the DTC YouTube channel by searching for your course year in the Playlists.', 'Use the direct link to access the syllabus: http://mlzoomcamp.com/#syllabus.']",[],"The Generated Answer accurately captures all the key facts and instructions provided in the Original Answer, including accessing the course page, cohort folder, videos, office hours, and the direct syllabus link. There are no omissions or contradictions."
RELEVANT,['The link to learn more about the California housing dataset is provided.'],[],The Generated Answer accurately conveys the same information as the Original Answer by providing the link to learn more about the California housing dataset. There are no omissions or contradictions.
PARTLY_RELEVANT,"['Random Forest represents bagging.', 'XGBoost represents boosting.', 'Random Forest trains several models in parallel.', 'XGBoost trains several models sequentially.']","['Bagging involves bootstrapping and aggregation (e.g., voting for classification, averaging for regression).', 'Bagging decreases variance and is robust against overfitting.', 'Boosting reduces bias, assigns weights to observations, and can be prone to overfitting.', 'Boosting involves learning from the mistakes of previous models.']","The Generated Answer correctly identifies Random Forest as a bagging algorithm and XGBoost as a boosting algorithm, along with their parallel and sequential training processes. However, it omits key details about the mechanics of bagging and boosting, such as bootstrapping, aggregation, weight assignment, and their effects on variance, bias, and overfitting."
RELEVANT,"['Metrics can be used on a series or a dataframe.', 'The information was contributed by Ella Sahnan.']",[],"The Generated Answer accurately captures all key facts from the Original Answer, including the content about metrics and the contributor's name. There are no omissions or contradictions."
RELEVANT,"['The video explains the normal form derivation for regression.', 'The video provides a good understanding of how the normal form is derived for linear regression.']",[],"The Generated Answer accurately conveys the key information from the Original Answer, including the video's title and its purpose of explaining the normal form derivation for linear regression. There are no omissions or contradictions."
PARTLY_RELEVANT,['Google Cloud Platform (GCP) offers microinstances for free for a very long time.'],"['GCP provides a bunch more free services beyond microinstances, which is not mentioned in the Generated Answer.', 'The Generated Answer does not address other alternatives like AWS or Saturn mentioned in the Original Answer.']","The Generated Answer captures the fact that GCP offers microinstances for free for a long time, but it omits the broader context of additional free services and other alternatives like AWS and Saturn discussed in the Original Answer."
PARTLY_RELEVANT,['The Generated Answer provides a link to a guide for using Docker in Google Colab.'],"[""The Generated Answer does not mention the specific steps provided in the Original Answer, such as installing udocker, running the 'hello-world' command, or the additional context provided by Ivan Brigida and others.""]","The Generated Answer provides the link to the guide, which is a key part of the Original Answer, but it omits the detailed steps and additional context that are also part of the Original Answer."
PARTLY_RELEVANT,['The command to import the required function for RMSE calculation from sklearn is `from sklearn.metrics import mean_squared_error`.'],"['The Original Answer mentions numpy and provides a custom implementation of RMSE calculation, which is not addressed in the Generated Answer.', ""The Original Answer includes a reference to Alexey's notebook for further context and code examples, which is omitted in the Generated Answer.""]","The Generated Answer correctly identifies the sklearn command for importing the mean_squared_error function, but it omits other key details from the Original Answer, such as the use of numpy, the custom RMSE function, and the reference to Alexey's notebook."
NON_RELEVANT,[],"['The Original Answer provides an alternative command that can be used if the region is configured by default, but the Generated Answer incorrectly states that no alternative command is mentioned.', 'The Generated Answer introduces unrelated information about using `aws configure` to set up configurations, which is not part of the Original Answer.']","The Generated Answer fails to address the key content of the Original Answer, which explicitly provides an alternative command for cases where the region is configured by default. Additionally, it introduces unrelated and unsupported information, making it entirely off-topic."
RELEVANT,"['The pandas function `std()` directly computes the standard deviation from a series.', 'You can use `pandas.Series(x).std()` to calculate the standard deviation of a series defined from a list.']",[],"The Generated Answer accurately conveys the key facts and claims from the Original Answer, including the use of `std()` to compute the standard deviation from a pandas Series and provides an example consistent with the Original Answer. No omissions or distortions are present."
PARTLY_RELEVANT,['The default value for the number of workers in the fit function is 1.'],"['The Generated Answer does not mention that the number of workers can be changed, including the example of setting it to 2560.', 'It omits the context about the usefulness of changing the workers value for GPUs, particularly in Google Colab with the T4 GPU.', 'It does not reference the Stack Overflow thread or the contributor, Ibai Irastorza.']","The Generated Answer correctly identifies the default value for the number of workers as 1, but it omits additional context and details from the Original Answer, such as the ability to change the value, its relevance to GPUs, and the specific example provided."
RELEVANT,"['Add `compile=False` to the `load_model` function to resolve the issue.', ""Example code: `keras.models.load_model('model_name.h5', compile=False)`.""]",[],"The Generated Answer captures all key facts and claims from the Original Answer, including the solution to the problem and the example code. There are no omissions or contradictions."
PARTLY_RELEVANT,"['You can verify the results of your own code for evaluation metrics using scikit-learn.', 'Scikit-learn provides built-in functions to compute metrics like precision, recall, F1 score.']","[""The Original Answer mentions using 'classification_report' from scikit-learn as a specific method to verify results, which is omitted in the Generated Answer."", 'The Generated Answer introduces additional metrics like accuracy and ROC AUC, which are not mentioned in the Original Answer.']","The Generated Answer partially aligns with the Original Answer by discussing the use of scikit-learn for verifying evaluation metrics, but it omits the specific mention of 'classification_report' and introduces metrics not referenced in the Original Answer."
RELEVANT,"['Regularization techniques are not always necessary in machine learning.', 'The application of regularization depends on the specific situation and problem.', 'Regularization is advisable to consider when working with small datasets or complex models to prevent overfitting.', 'The need for regularization varies based on data quality and size.', 'Each case should be evaluated individually to determine if regularization is needed.']",[],"The Generated Answer accurately captures all key points and claims from the Original Answer, including the conditional necessity of regularization, its relevance to small datasets and complex models, and the importance of evaluating each case individually. There are no omissions or contradictions."
RELEVANT,"['np.sign is used to identify where the difference between precision and recall values changes sign.', 'The sign change indicates the intersection of the precision and recall curves.', 'np.diff and np.argwhere are used alongside np.sign to find the indices of the sign change.', 'The threshold at which the intersection occurs can be pinpointed using these indices.']",[],"The Generated Answer accurately conveys all key points from the Original Answer regarding the role of np.sign in determining the intercept between precision and recall curves, including its use with np.diff and np.argwhere to locate the intersection."
RELEVANT,"['Removing unused Docker images using `docker rmi`.', 'Running `docker system prune` to free up storage space after removing images.']",[],"The Generated Answer accurately captures all key points from the Original Answer, including the need to remove Docker images and the crucial step of running `docker system prune` to reclaim storage space. There are no significant omissions or inaccuracies."
PARTLY_RELEVANT,"['Folders are read in alphabetical order when determining numeric class labels.', ""Example provided: 'dino' is assigned class label 0, and 'dragon' is assigned class label 1.""]","['Details about the specific TensorFlow source code command (`for subdir in sorted(os.listdir(directory))`).', 'Reference to the source code location (`https://github.com/keras-team/keras/blob/master/keras/preprocessing/image.py, line 563`).', 'Additional context about binary label predictions and probabilities, including the explanation of sigmoid activation and `from_logits`.']","The Generated Answer captures the key point about folders being read in alphabetical order and provides an example, but it omits the specific source code reference and additional context about binary label predictions and probabilities."
RELEVANT,"['Modify the file located at /etc/docker/daemon.json.', 'Add the DNS configuration: {""dns"": [""8.8.8.8"", ""8.8.4.4""]}.', 'Restart Docker using the command: sudo service docker restart.']",[],"The Generated Answer accurately captures all key facts and instructions from the Original Answer, including the file to modify, the DNS settings to add, and the command to restart Docker. There are no omissions or distortions."
RELEVANT,"['Train as many models as you can.', ""The requirement is to train 'multiple' models, which means having more than one model is sufficient.""]",[],"The Generated Answer accurately conveys all the key facts and intent of the Original Answer, including the guidance to train as many models as possible and the clarification that 'multiple' means more than one model."
RELEVANT,"['When the threshold is set to 1.0, the condition for belonging to the positive class (churn class) is g(x) >= 1.0.', 'The sigmoid function, g(x), produces values only between 0 and 1 and can never satisfy the condition of being equal to or greater than 1.0.', 'As a result, there are no positive (churn) predictions, leading to both the false positive rate (FPR) and true positive rate (TPR) being 0.0.']",[],"The Generated Answer accurately captures all key points from the Original Answer, including the behavior of the sigmoid function, the threshold condition, and its impact on FPR and TPR."
PARTLY_RELEVANT,"['The pandas method to calculate the standard deviation of a series is `std()`.', 'You can use `std()` by calling it on a pandas Series, for example, `pandas.Series(x).std()`.']","['The Original Answer focuses solely on calculating the standard deviation for a pandas Series, while the Generated Answer introduces additional information about calculating the standard deviation for a DataFrame, which is not mentioned in the Original Answer.']","The Generated Answer accurately conveys the method to calculate the standard deviation of a pandas Series, which is the focus of the Original Answer. However, it adds information about calculating the standard deviation for DataFrames, which is beyond the scope of the Original Answer and not supported by it."
RELEVANT,"['df_train_full contains both training and validation datasets.', 'Conclusions should be based solely on the training data at this stage.', 'Validation data is excluded to test model performance without influence from it.']",[],"The Generated Answer accurately conveys all key points from the Original Answer, including the reasoning for excluding df_train_full and focusing solely on df_train for the correlation matrix task."
NON_RELEVANT,[],"['The Original Answer discusses access to a repository link for homework correction and its dependency on the repository being public.', 'The Generated Answer provides detailed instructions on setting up a Conda environment, which is unrelated to the Original Answer.']","The Generated Answer does not address the key content of the Original Answer, which is about repository access for homework correction. Instead, it focuses on Conda environment setup, making it entirely off-topic."
PARTLY_RELEVANT,"[""Ensure that the list of feature names does not contain unsupported characters such as '[', ']', or '<'."", 'Use a regular expression to replace problematic characters in feature names.']","['Explanation of why converting to a list does not fix the issue.', 'Details about the specific context of the error, such as the behavior of `dv.get_feature_names_out()` and `dv.feature_names_`.', ""Alternative solution of not specifying 'feature_names=' when creating `xgb.DMatrix`.""]","The Generated Answer captures some key points, such as removing unsupported characters and using a regex for replacement, but omits important context and alternative solutions mentioned in the Original Answer."
PARTLY_RELEVANT,['Reinstall Docker by removing the Docker installation from WSL and installing Docker Desktop on the host machine (Windows).'],"[""The Generated Answer does not mention starting the Docker daemon on Linux using 'sudo dockerd' or 'sudo service docker start'."", 'The Generated Answer introduces additional steps related to Docker Desktop settings and WSL Integration, which are not mentioned in the Original Answer.']","The Generated Answer partially aligns with the Original Answer by including the suggestion to reinstall Docker on WSL and install Docker Desktop on Windows. However, it omits instructions for starting the Docker daemon on Linux and adds new, unsupported steps related to Docker Desktop settings and WSL Integration."
NON_RELEVANT,[],"[""The Original Answer states 'Yes, it's possible,' indicating that the midterm project might be optional but does not provide specific details about certificate requirements."", 'The Generated Answer introduces new information about submitting 2 out of 3 projects and reviewing peers’ projects, which is not mentioned in the Original Answer.']","The Generated Answer introduces specific requirements for earning the certificate that are not present in the Original Answer, and it contradicts the Original Answer's simple affirmation ('Yes, it's possible'). Therefore, it does not align with the Original Answer's content or intent."
PARTLY_RELEVANT,['The Original Answer mentions commands to start the Docker daemon on Linux.'],"['The Generated Answer incorrectly states that the context does not include specific commands to start the Docker daemon on Linux.', ""The commands 'sudo dockerd' and 'sudo service docker start' are omitted.""]","The Generated Answer partially overlaps with the Original Answer by addressing the topic of starting the Docker daemon on Linux but fails to include the specific commands provided in the Original Answer, which are key to answering the Generated Question accurately."
PARTLY_RELEVANT,['It is possible to be eligible for certification despite missing the midterm project.'],"[""The Original Answer refers to 'See the previous answer,' which implies additional context or conditions not provided in the Generated Answer."", ""The Generated Answer introduces new conditions (e.g., completing 2 out of 3 projects and reviewing 3 peers' projects) that are not mentioned in the Original Answer.""]","The Generated Answer partially aligns with the Original Answer by confirming eligibility despite missing the midterm project, but it introduces unsupported conditions and omits the reference to additional context in the Original Answer."
PARTLY_RELEVANT,"['Command to install md5sum on Mac: brew install md5sha1sum', 'Command to check hash for files: md5sum model1.bin dv.bin']","['The Generated Answer omits the context that the hash comparison checks if the files are the same.', ""The Original Answer includes the name 'Olga Rudakova,' which is missing in the Generated Answer.""]",The Generated Answer captures the commands for installing md5sum and checking file hashes but omits the context about verifying if the files are the same and excludes the mention of 'Olga Rudakova.' These omissions make the Generated Answer only partially aligned with the Original Answer.
RELEVANT,"['You can transfer files to a Docker container from your local machine using the `docker cp` command.', 'The basic syntax of the command is `docker cp /path/to/local/file_or_directory container_id:/path/in/container`.', 'This command allows you to copy a specific file or directory from your local system into a running Docker container.']",[],"The Generated Answer captures all the key facts and intent of the Original Answer, including the use of the `docker cp` command, its syntax, and its purpose. There are no omissions or inaccuracies."
PARTLY_RELEVANT,"['The Original Answer provides resources related to evaluation, including scikit-learn documentation.']","['The Original Answer explicitly mentions a YouTube video (4.X) that could be relevant to evaluation, but the Generated Answer incorrectly states there is no mention of a YouTube video.']","The Generated Answer partially aligns with the Original Answer by referencing scikit-learn resources but incorrectly claims there is no mention of a YouTube video, which is explicitly provided in the Original Answer."
PARTLY_RELEVANT,['The version of the zoomcamp-model image is `svizor/zoomcamp-model:3.10.12-slim`.'],"[""The Original Answer mentions the inclusion of 'model2.bin' and 'dv.bin' files, which are omitted in the Generated Answer."", 'The Original Answer specifies that these files should be used for question 6, which is not mentioned in the Generated Answer.']",The Generated Answer correctly identifies the version of the zoomcamp-model image but omits key details about the 'model2.bin' and 'dv.bin' files and their relevance to question 6.
PARTLY_RELEVANT,['FeatureHasher is suitable for categorical features with high cardinality.'],"['DictVectorizer is better for preserving feature names and handling small numbers of unique values.', 'The choice between FeatureHasher and DictVectorizer depends on the data.', 'Additional context and link for further reading were omitted.']","The Generated Answer correctly identifies that FeatureHasher is suitable for categorical features with high cardinality, but it omits other key points from the Original Answer, such as the advantages of DictVectorizer, the dependency on data characteristics, and the additional context provided."
PARTLY_RELEVANT,"['The recommended method involves splitting the data into train and a temporary dataset, followed by splitting the temporary dataset into validation and test sets.', 'The ratios of 60% train, 20% validation, and 20% test are maintained.']","['The Generated Answer does not explicitly mention the two specific splitting methods provided in the Original Answer (method 1 and method 2).', 'The Generated Answer does not specify that the second method is recommended because it is more consistent with lessons and homeworks.', 'The Generated Answer introduces the concept of reducing data leakage, which is not mentioned in the Original Answer.']","While the Generated Answer captures the general approach and ratios for data splitting, it omits key details about the specific methods provided in the Original Answer and the rationale for recommending the second method. Additionally, it introduces a concept not supported by the Original Answer."
RELEVANT,"['The ValueError occurs because the model has not created its variables yet.', 'To resolve the issue, the model should first be evaluated on input data.', 'The example of resolving the issue includes executing `model.evaluate(train_ds)`.']",[],"The Generated Answer accurately captures all key facts and claims from the Original Answer, including the cause of the error and the solution involving evaluating the model on input data using `model.evaluate(train_ds)`."
RELEVANT,"['The auc values change due to randomness inherent in the algorithm.', 'Randomness can arise from random data splits in the classifier.', 'Setting a random seed using the random_state parameter ensures consistent results.', 'Example provided: dt = DecisionTreeClassifier(random_state=22).']",[],"The Generated Answer captures all key facts and claims from the Original Answer, including the explanation of randomness, the solution using random_state, and the example code. There are no omissions or inaccuracies."
RELEVANT,"['The f-string error is caused by using parentheses `()` instead of curly braces `{}` in the f-string syntax.', ""The correct format for the f-string should be `f'model_C={C}.bin'`."", 'A second error involves missing parentheses in the `pickle.dump` function, which should be written as `pickle.dump((dv, model), f_out)`.']",[],"The Generated Answer accurately captures all the key points from the Original Answer, including the issues with the f-string syntax and the missing parentheses in the `pickle.dump` function. There are no omissions or distortions."
RELEVANT,"['If restarting Docker Desktop and terminal fails to fix the issue, run the command: DOCKER_BUILDKIT=0 docker build .', 'After running the command, proceed to build the image again.']",[],The Generated Answer accurately captures the key facts and instructions from the Original Answer regarding the procedure to follow if restarting Docker Desktop and terminal fails to resolve the issue. No relevant information is omitted or distorted.
PARTLY_RELEVANT,['The focus of the course and the skills intended to be taught have remained the same.'],"['The videos are still up-to-date and will not be re-recorded.', 'Recommendation to use Python 3.10 instead of Python 3.8.', 'Encouragement to watch the videos if the user hasn’t taken part in the previous iteration.']","The Generated Answer correctly states that the skills taught have remained the same, but it omits other key details from the Original Answer, such as the status of the videos, the Python version recommendation, and advice for new participants."
PARTLY_RELEVANT,"['Different environments can lead to variations in library versions, which may affect homework answers.', 'Discrepancies in results may occur due to different Python versions or library versions.']","['Specific python library versions may be required for homework.', 'Using languages other than Python 3.10 is not advisable for submissions.', 'Midterms and capstones may involve peer-reviewers who might not know other programming languages.', 'Creating a separate repository in other languages for personal learning is acceptable but not advisable for submissions.']","The Generated Answer captures the general idea about library and Python version discrepancies affecting homework but omits key details about specific version requirements, peer-review concerns, and submission advisability mentioned in the Original Answer."
PARTLY_RELEVANT,"[""To resolve the error 'wget is not recognized as an internal or external command' on a Windows system, you need to install wget."", 'The easiest way to install wget on Windows is by using Chocolatey with the command `choco install wget`.', 'You can alternatively download a binary and place it in a location that is part of your PATH, such as `C:/tools`.']","[""The Original Answer mentions using Python's wget library as an alternative, but this is omitted in the Generated Answer."", 'The Original Answer provides detailed instructions for using urllib.request.urlretrieve() as another method to download files, which is not covered in the Generated Answer.']","The Generated Answer captures the main methods for resolving the wget error on Windows, including using Chocolatey and modifying the PATH. However, it omits alternative solutions provided in the Original Answer, such as using Python libraries like wget or urllib.request.urlretrieve()."
RELEVANT,"['George Chizhmak provided the solution for the XGBoostError.', 'Installing sklearn resolved the issue.']",[],"The Generated Answer accurately conveys all key facts from the Original Answer, including the name of the person who provided the solution and the resolution of the issue by installing sklearn. There are no omissions or distortions."
RELEVANT,"['The error \'Failed to import module ""service"": No module named \'sklearn\'\' occurs due to an incorrect package name in `bentofile.yaml`.', 'The incorrect package name is `sklearn`, and it should be replaced with `scikit-learn`.', 'The issue can be resolved by modifying the packages list in `bentofile.yaml` to include `scikit-learn`.', 'An example of the corrected `packages` list is provided, including `xgboost`, `scikit-learn`, and `pydantic`.']",[],"The Generated Answer accurately captures all key facts and claims from the Original Answer, including the cause of the error, the correction needed, and an example of the corrected configuration."
PARTLY_RELEVANT,"['Access Key ID and Secret Access Key must be provided.', 'Other fields, such as Default Region Name and Default output format, can be left as defaults.']","[""The Generated Answer incorrectly states that the default values cannot be used for all fields except Access Key ID and Secret Access Key, which contradicts the Original Answer's statement that leaving Default output format as None is okay.""]","The Generated Answer captures some key points from the Original Answer but introduces a contradiction regarding the use of default values for Default output format, which is explicitly permitted in the Original Answer."
RELEVANT,"[""The error '[Errno 12] Cannot allocate memory' occurred in AWS ECS."", 'The solution is to increase the RAM and CPU in the task definition.']",[],"The Generated Answer captures all the key facts and intent of the Original Answer, including the specific error message and the recommended solution to increase RAM and CPU in the task definition. There are no omissions or contradictions."
PARTLY_RELEVANT,['A negative accuracy difference indicates that the model became better when the feature was removed.'],"['The Generated Answer does not clarify that differences should be reasoned in absolute values, which is a key part of the Original Answer.', ""The Generated Answer omits the explanation about the distinction between 'smallest' and 'lowest' differences.""]",The Generated Answer captures the specific point about a negative accuracy difference indicating model improvement but omits critical details about reasoning in absolute values and the distinction between 'smallest' and 'lowest' differences.
PARTLY_RELEVANT,"['Ángel de Vicente created a virtual environment with pipenv.', 'He installed specific package versions using the command: pipenv install --python 3.9.13 requests grpcio==1.42.0 flask gunicorn keras-image-helper tensorflow-protobuf==2.7.0 protobuf==3.19.6.', 'This approach fixed the issue caused by the use of a newer version of protobuf.']","['The Generated Answer omits alternative workarounds for the protobuf issue, such as downgrading the protobuf package to 3.20.x or lower, or setting PROTOCOL_BUFFERS_PYTHON_IMPLEMENTATION=python.', ""It does not mention the error message: 'TypeError: Descriptors cannot not be created directly' or the need to regenerate code with protoc >= 3.19.0.""]","The Generated Answer captures the main solution Ángel implemented but omits other important details and workarounds mentioned in the Original Answer, as well as the specific error context."
PARTLY_RELEVANT,"['To run TensorFlow with GPU, you need to set up CUDA and cuDNN.', 'The process involves installing NVIDIA drivers, CUDA toolkit, and cuDNN.']","['The Original Answer emphasizes that the process can be overwhelming, which is not mentioned in the Generated Answer.', 'The Generated Answer includes additional steps and links for TensorFlow installation and environment configuration, which are not mentioned in the Original Answer.']","The Generated Answer captures the general idea of setting up CUDA and cuDNN for TensorFlow, but it introduces additional steps and details not present in the Original Answer, while omitting the emphasis on the process being overwhelming."
NON_RELEVANT,[],"['The Original Answer is missing, making it impossible to verify alignment or relevance.']","Without the Original Answer, it is not possible to assess whether the Generated Answer conveys the same information or intent. The Generated Answer cannot be evaluated for relevance in this context."
RELEVANT,"['Check the solutions from the 2021 iteration of the course.', 'Use roc_auc_score.']",[],The Generated Answer accurately conveys both key points from the Original Answer: the need to check the 2021 course solutions and the use of AUC (roc_auc_score). There are no omissions or contradictions.
PARTLY_RELEVANT,"['An error occurs on the server side when gunicorn is used.', 'The waitress command runs smoothly on the server side.']","['The specific error message for gunicorn on the server side is not provided in the Generated Answer.', 'The Generated Answer does not mention the solution involving the IP addresses (0.0.0.0:8000 or 0.0.0.0:9696).']",The Generated Answer captures the existence of an error with gunicorn and the smooth operation of the waitress command but omits the specific error message and the solution provided in the Original Answer.
RELEVANT,"['It is recommended to perform certain operations (like DictVectorizer or get_dummies) after splitting the data to avoid data leakage.', 'Data leakage occurs when information from the test set influences the training stage.', 'Avoiding data leakage ensures the model is trained and validated on data that represents unseen data during testing, maintaining evaluation integrity.']",[],"The Generated Answer accurately conveys all key points from the Original Answer, including the rationale for avoiding data leakage and its impact on model evaluation integrity. No omissions or contradictions were found."
PARTLY_RELEVANT,['The solution to the NameError issue was added by Manuel Alejandro Aponte.'],"['Details about the NameError issue, including the missing imports for pandas and numpy and the specific solution provided (import pandas as pd, import numpy as np).']",The Generated Answer correctly identifies who added the solution but omits critical details about the NameError issue and the specific solution provided in the Original Answer.
PARTLY_RELEVANT,['Krishna Annad mentioned the usage of Yellowbrick for classification reports.'],"['Yellowbrick is a library that combines scikit-learn with matplotlib to produce visualizations for models.', 'Yellowbrick produces colorful classification reports.']","The Generated Answer correctly identifies Krishna Annad as the person who mentioned Yellowbrick for classification reports but omits details about what Yellowbrick is and its features, which are key points in the Original Answer."
RELEVANT,"['Rename the downloaded file `kind-windows-amd64.exe` to `kind.exe`.', 'Move the renamed file to a specific folder.', ""Add the folder containing `kind.exe` to the system's PATH."", ""The error occurs because the executable is not properly named or not in the system's PATH.""]",[],"The Generated Answer captures all key facts and instructions from the Original Answer, including renaming the file, moving it to a folder, and adding the folder to the PATH. There are no omissions or contradictions."
RELEVANT,"['The default name of the executable is kind-windows-amd64.exe.', 'The file needs to be renamed to kind.exe.', 'The renamed file should be placed in a specific folder.', ""The folder containing the file must be added to the system's PATH.""]",[],"The Generated Answer accurately conveys all key facts and steps from the Original Answer, including the renaming of the executable, placing it in a folder, and adding the folder to the system's PATH. There are no omissions or contradictions."
PARTLY_RELEVANT,"['Visual implementation of feature importance in scikit-learn is available at the provided link.', 'The visualization adds standard errors to feature importance to trace stability of features, which is important for model explainability.']","['The Generated Answer introduces an additional method (horizontal bar chart) for visualizing feature importance, which is not mentioned in the Original Answer.']","The Generated Answer captures the key points about the visualization link and its purpose but introduces an additional method for feature importance visualization that is not present in the Original Answer, making it partly relevant."
RELEVANT,"['Waitress doesn’t accept a dash in the Python file name.', 'The solution is to rename the file by replacing the dash with an underscore, e.g., renaming `q4-predict.py` to `q4_predict.py`.']",[],"The Generated Answer captures all the key points from the Original Answer, including the reason for the issue (dashes in file names are not accepted by Waitress) and the solution (renaming the file by replacing the dash with an underscore)."
RELEVANT,"['The command to display only the size of a specific Docker image is provided.', 'Both variations of the command (`docker image ls` and `docker images`) are included.', 'The use of the `--format ""{{.Size}}""` option is explained.', 'The placeholder `<image name>` is mentioned for specifying the image.']",[],"The Generated Answer accurately captures all key details from the Original Answer about displaying only the size of a specific Docker image, including the commands, formatting option, and the placeholder for the image name. No information is omitted or distorted."
RELEVANT,"['KFold creates a generator object for splitting datasets into n_splits separate training and validation pairs.', 'Setting shuffle=True shuffles the dataset before splitting.', 'random_state ensures reproducible shuffling for consistent results.', 'The actual k-fold splitting occurs during iteration using kFold.split().', 'The location of KFold object creation (inside or outside the loop) does not affect results.', 'It is more efficient to create the KFold object outside the loop to avoid unnecessary recreation.']",[],"The Generated Answer accurately captures all key facts and claims from the Original Answer, including the functionality of KFold, the role of shuffle and random_state, and the efficiency of object creation outside the loop."
RELEVANT,"['The dataset can be loaded into Kaggle Notebooks using the command `!wget https://raw.githubusercontent.com/alexeygrigorev/datasets/master/housing.csv`.', 'The `!` before `wget` is essential.', ""Once the dataset is loaded, it can be read using the pandas command `df = pd.read_csv('housing.csv')`.""]",[],"The Generated Answer captures all the key facts and instructions from the Original Answer, including the use of the `!wget` command, the necessity of the `!`, and the pandas command to read the dataset. There are no omissions or contradictions."
RELEVANT,"['The formula to calculate the probability of class 0: prob(class(0)) = 1 - prob(class(1)).', 'An example illustrating the calculation: if prob(class(1)) is 0.8, then prob(class(0)) is 0.2.']",[],The Generated Answer accurately conveys the key information from the Original Answer regarding the formula for calculating the probability of class 0 and provides an example consistent with the Original Answer. No omissions or distortions are present.
NON_RELEVANT,[],"[""The Generated Answer does not provide the content of the Original Answer, which is 'See the answer here.'""]","The Generated Answer does not address the Original Answer's key content, as the Original Answer is 'See the answer here,' and the Generated Answer introduces unrelated information about course questions, Slack, recordings, and office hours."
PARTLY_RELEVANT,"['You can post the same content on multiple social sites to earn points for your homework.', 'You can earn up to 7 points if you add 7 different URLs for your posts.']","['Extra scores are capped at 7 points regardless of the number of links added.', 'For midterms/capstones, the awarded points are doubled and capped at 14 for 14 URLs.']","The Generated Answer captures the general idea that posting the same content on multiple social sites can earn points and mentions the 7-point cap, but it omits details about the scoring limits for midterms/capstones and the specific mechanics of link submission and scoring caps."
RELEVANT,"[""The error 'kind' is not recognized as an internal or external command occurs because the default name of the executable downloaded is kind-windows-amd64.exe."", 'You need to rename the file to kind.exe.', 'You need to place the renamed file in a specific folder and add that folder to your PATH.']",[],"The Generated Answer accurately conveys all the key facts and instructions provided in the Original Answer, including the reason for the error and the steps to resolve it. There are no omissions or contradictions."
RELEVANT,"['Mutual information score measures the relationship between categorical or discrete variables.', ""The target variable 'median_house_value' was continuous and had to be converted to binary format to make its values discrete (either 0 or 1)."", 'If continuous variables were used, the mutual information score could still be calculated, but the algorithm would need to bin the continuous variables, which introduces subjectivity.', 'Continuous variables are not ideally suited for mutual information score calculation.']",[],"The Generated Answer accurately captures all key facts and claims from the Original Answer, including the need to convert continuous variables to discrete format and the issue of subjectivity introduced by binning continuous variables."
RELEVANT,"['Using keras.models.Sequential() function', 'Passing many parameters of the CNN at once', 'Recommendation by Krishna Anand']",[],"The Generated Answer accurately captures all key facts and claims from the Original Answer, including the method recommended by Krishna Anand, its purpose, and the context of CNN parameters. There are no omissions or distortions."
PARTLY_RELEVANT,"['Ridge Regression requires only numerical features.', 'Categorical features need to be transformed using one-hot encoding.', 'To avoid non-convergence errors during one-hot encoding, `sparse=True` should be set.']","['The Original Answer mentions dropping categorical features as an alternative approach, which is omitted in the Generated Answer.', 'The Generated Answer incorrectly suggests combining numerical and encoded features into a single feature matrix for training, which is not explicitly stated in the Original Answer.']","The Generated Answer captures the main points about transforming categorical features using one-hot encoding and the importance of setting `sparse=True`. However, it omits the alternative approach of dropping categorical features and introduces an unsupported claim about combining features into a single matrix."
NON_RELEVANT,[],"['Ensure to use sparse=True with DictVectorizer to avoid convergence errors.', 'Do not include the average variable created before.', 'Use all features and price for the target variable.', 'Consider using StandardScaler for numerical variables, with or without it.']","The Generated Answer does not address any of the key points from the Original Answer and introduces unrelated information about deprecated methods, which is not mentioned in the Original Answer."
RELEVANT,['Command to install pip on WSL: sudo apt install python3-pip'],[],"The Generated Answer accurately captures the specific command from the Original Answer needed to install pip on WSL, which aligns with the Generated Question. No key points are omitted or distorted."
RELEVANT,"['The mutual information score is calculated using the binarized price (above_average) variable.', ""The second variable to use is the categorical variable 'ocean_proximity'.""]",[],"The Generated Answer captures all the key facts from the Original Answer, including the use of the binarized price and the categorical variable 'ocean_proximity' for calculating the mutual information score. There are no omissions or contradictions."
PARTLY_RELEVANT,['The solution for the AWS configuration issue in video 9.6 was provided by Bhaskar Sarma.'],"['Details about the solution itself, such as leaving the Default output format as None and using provided defaults except for Access Key ID and Secret Access Key.']","The Generated Answer correctly identifies Bhaskar Sarma as the provider of the solution but omits the detailed explanation of the solution itself, which is a key part of the Original Answer."
RELEVANT,"[""The error occurs because 'pipenv' is installed but not accessible from the PATH."", 'To resolve the issue on Windows, you need to edit the environment variables.', ""Ensure the following locations are included in the PATH variable: 'C:\\Users\\AppData\\....\\Python\\PythonXX\\' and 'C:\\Users\\AppData\\....\\Python\\PythonXX\\Scripts\\'."", 'The solution assumes you are not using Anaconda, which may be a better choice for Windows and less prone to errors.']",[],"The Generated Answer accurately conveys all key points and instructions from the Original Answer, including the cause of the error, the solution steps, and the note about Anaconda."
RELEVANT,"['Create your own GitHub repository for the course with your notes, homework, and projects.', 'Fork the original course repository.', ""Add a link to your own repository under the 'Community Notes' section."", 'Create a pull request to sync your fork with the original course repository.']",[],"The Generated Answer accurately captures all key facts and steps described in the Original Answer, with no omissions or contradictions. Minor wording differences do not affect the alignment."
NON_RELEVANT,[],"['The Original Answer discusses the importance of avoiding data leakage when splitting data, referencing scikit-learn documentation.', 'The Original Answer attributes the explanation to Rileen Sinha.', 'The Generated Answer incorrectly attributes the explanation to Larkin Andrii.', 'The Generated Answer introduces the topic of DictVectorizer or get_dummies, which is not mentioned in the Original Answer.']","The Generated Answer does not address the key content of the Original Answer and introduces unrelated information about DictVectorizer or get_dummies. It also misattributes the explanation to a different individual, making it factually incorrect and entirely off-topic."
RELEVANT,"['To use RMSE without math or numpy, the mean_squared_error function from sklearn.metrics can be used.', 'Setting the squared parameter to False in mean_squared_error will return RMSE.', 'The example code demonstrates how to use mean_squared_error for RMSE.', 'A Stack Overflow link is provided for additional details.']",[],"The Generated Answer accurately conveys all key facts and claims from the Original Answer, including the use of the mean_squared_error function, the squared parameter, the example code, and the Stack Overflow link for further details. There are no omissions or distortions."
PARTLY_RELEVANT,"['Run the command to commit changes using `git commit -m ""initial commit""`.', 'Push changes to GitHub using `git push origin main`.', ""Mention of the error message 'src refspec master does not match any' and its resolution.""]","[""Suggestion to use the 'upload file' functionality from GitHub as an alternative."", 'Mention of directly sharing code from Google Colab to GitHub.']","The Generated Answer captures the core steps for pushing an initial commit to GitHub and addresses the error message, but it omits alternative methods mentioned in the Original Answer, such as using the 'upload file' functionality or sharing code from Google Colab."
RELEVANT,"['The course is available in a self-paced mode.', 'You can go through the materials at any time.']",[],The Generated Answer captures all key facts from the Original Answer regarding the availability of the course in a self-paced mode and the ability to access materials at any time. No information is omitted or distorted.
PARTLY_RELEVANT,"['The number of workers can be increased to improve performance.', 'The default value for workers is 1.', 'Setting the number of workers to 2560 was suggested for faster training on a T4 GPU in Google Colab.']","['The Generated Answer does not mention that the number of threads also works for GPUs.', 'It omits the context that this adjustment was based on a Stack Overflow thread.', 'It does not include the detail that this was tested on a free T4 GPU in Google Colab.']","The Generated Answer captures the main suggestion of increasing workers to 2560 for faster training and mentions the default value of 1. However, it omits important contextual details, such as the applicability to GPUs, the source of the suggestion, and the specific testing environment."
PARTLY_RELEVANT,"['The question requires you to define values for CPU and memory in the yaml file.', 'There is a correct value for the port referenced in the homework.']","['The Original Answer specifies that the correct value applies only to the port, while the Generated Answer implies that CPU and memory values should be chosen appropriately as per the requirements, which is not explicitly stated in the Original Answer.', ""The Generated Answer introduces the idea that CPU and memory values are 'not arbitrary,' which is not mentioned in the Original Answer.""]",The Generated Answer captures some key points from the Original Answer but adds unsupported claims about the appropriateness of CPU and memory values and omits the clarification that the correct value applies only to the port.
PARTLY_RELEVANT,"[""The error occurs when running 'eb local run --port 9696'."", 'The error is a NotSupportedError.', ""The error message specifies: 'You can use 'eb local' only with preconfigured, generic and multicontainer Docker platforms.'""]","['The Original Answer explains the resolution to the error by replacing the command with \'eb init -p ""Docker running on 64bit Amazon Linux 2"" tumor-diagnosis-serving -r eu-west-1\', which allowed the Dockerfile recognition and container build/run.']","The Generated Answer accurately describes the error and its message but omits the resolution provided in the Original Answer, which is a key part of the context and intent."
RELEVANT,"[""The 'manifest unknown' error occurs because Docker defaults to using the 'latest' tag."", 'To avoid the error, use the correct tag specified in the image description.', 'An example of the correct command is `docker pull svizor/zoomcamp-model:3.10.12-slim`.']",[],"The Generated Answer accurately conveys all key points from the Original Answer, including the cause of the error, the need to use the correct tag, and the specific example of the correct command. There are no omissions or distortions."
PARTLY_RELEVANT,"['Provides links to documentation about AWS Lambda container images.', ""Includes the link to 'How AWS Lambda container images work' documentation."", ""Includes the link to 'AWS Lambda runtimes API' documentation.""]","['Does not mention the intent to understand how Lambda functions are initialized.', ""Omits the context about the user's personal motivation for exploring the topic ('I wanted to understand...').""]",The Generated Answer captures the key resources mentioned in the Original Answer but omits the user's intent to understand Lambda functions' initialization and the personal motivation behind exploring the topic.
PARTLY_RELEVANT,"[""Use the statement 'from [file name] import ping' to fix the import issue.""]","[""The Generated Answer does not mention the unsuccessful attempt to import 'ping' using 'import ping' and the troubleshooting process described in the Original Answer."", ""The Generated Answer introduces 'Decision Trees and Ensemble Learning,' which is not mentioned in the Original Answer.""]","The Generated Answer provides the correct solution for importing the 'ping' function but omits the context of the failed import attempt and troubleshooting steps described in the Original Answer. Additionally, it introduces unrelated context ('Decision Trees and Ensemble Learning'), which distorts the intent."
RELEVANT,"['Instructions to install Docker on MacOS can be found at https://docs.docker.com/desktop/install/mac-install/', 'Users should check whether they have an Apple chip or an Intel chip.']",[],"The Generated Answer accurately conveys all key facts and intent from the Original Answer, including the URL for installation instructions and the reminder to check the type of chip on the Mac."
PARTLY_RELEVANT,"['The COPY instruction is used to specify files to be copied in the Dockerfile.', 'Example syntax: COPY [""src/predict.py"", ""models/xgb_model.bin"", ""./""]']","['The Original Answer mentions the docker cp command for copying files into a Docker container, which is omitted in the Generated Answer.', 'The Generated Answer adds a claim about using double quotes to avoid errors, which is not mentioned in the Original Answer.']","The Generated Answer captures the use of the COPY instruction and provides an example, but it omits the mention of the docker cp command and introduces an unsupported claim about double quotes."
PARTLY_RELEVANT,"[""The command `sns.histplot(df['median_house_value'], kde=False)` creates a histogram of the 'median_house_value' column from the DataFrame `df`."", 'The parameter `kde=False` indicates that no Kernel Density Estimate (KDE) curve will be added to the plot.']","['The Original Answer mentions using the histogram for exploratory data analysis (EDA), which is omitted in the Generated Answer.', 'The Generated Answer does not mention the broader context of visualizing the distribution or checking for skewness as part of EDA.']","The Generated Answer captures the technical details of the command but omits the broader context of its purpose in exploratory data analysis, as described in the Original Answer."
RELEVANT,"[""The command 'nvidia-smi' has a built-in function for running it repeatedly."", ""The syntax for the command is 'nvidia-smi -l <N seconds>', where <N seconds> specifies the update interval."", ""An example is provided: 'nvidia-smi -l 2' runs the command every 2 seconds.""]",[],"The Generated Answer accurately captures all the key facts and claims from the Original Answer, including the purpose of the built-in function, the syntax, and the example usage."
RELEVANT,"['The purpose of the seed value is to randomly generate the proportion split consistently.', 'Using a specific seed, such as 42, ensures that all learners experience the same behavior in the data splitting process.', 'This consistency allows for reproducibility of results.', 'Using seed 42 may lead to all missing values ending up in the training dataframe, whereas a different seed would yield a different arrangement of the data.']",[],"The Generated Answer captures all key facts and claims from the Original Answer, including the purpose of the seed value, its role in ensuring consistency and reproducibility, and the specific example of how seed 42 affects the placement of missing values. There are no significant omissions or inaccuracies."
PARTLY_RELEVANT,"['Downgrade the protobuf package to version 3.20.x or lower.', 'Set the environment variable `PROTOCOL_BUFFERS_PYTHON_IMPLEMENTATION` to `python`, but this will use pure-Python parsing and will be significantly slower.']","['The Generated Answer omits the recommendation to regenerate the protos using protoc >= 3.19.0.', 'It does not mention the specific pipenv installation command provided as a workaround.', 'It does not include the link to more information about the issue.']","The Generated Answer captures some key workarounds but omits other important details such as regenerating protos, the specific pipenv command, and the link to additional information. This results in partial relevance."
RELEVANT,"['Restarting the Jupyter notebook is necessary after installing new packages to ensure imports work.', 'An example is provided where `pip install pillow` was used, and restarting the notebook resolved the issue.']",[],"The Generated Answer captures all key facts and claims from the Original Answer, including the need to restart the Jupyter notebook after installing packages and the specific example of `pip install pillow`. There are no omissions or contradictions."
RELEVANT,"['The `info()` method prints information about the dataset.', 'Details include index datatype, number of entries, column information with not-null count and datatype, and memory usage.', 'Usage example: `df.info()`.']",[],"The Generated Answer accurately conveys all key facts and claims from the Original Answer, including the purpose of the `info()` method, the details it provides, and the usage example."
PARTLY_RELEVANT,"['We should transform the target variable to logarithm distribution when the target variable is highly skewed.', 'The easiest way to evaluate this is by plotting the distribution of the target variable to assess skewness.']","['The Generated Answer introduces new information about managing long tail distributions, stabilizing variance, and making the data more normally distributed, which is not mentioned in the Original Answer.', 'The Generated Answer adds a point about logarithmic transformation not being applicable to negative values, which is not discussed in the Original Answer.']","The Generated Answer overlaps with the Original Answer on key points about when to use logarithmic transformation and evaluating skewness. However, it introduces additional details not present in the Original Answer, making it only partly relevant."
RELEVANT,"['Setting a specific seed value ensures consistent results across different training runs.', 'Using `tf.keras.utils.set_random_seed(seed)` helps generate the same random numbers each time the code is executed.', 'Reproducibility requires additional steps like `tf.config.experimental.enable_op_determinism()`.']",[],"The Generated Answer captures all key facts and claims from the Original Answer, including the role of the seed value, the use of specific commands, and the importance of enabling operation determinism for reproducibility. There are no omissions or contradictions."
RELEVANT,"['Switch to the main environment.', 'Run the command `pip install nbconvert --upgrade`.', ""The error is related to 'contextfilter' from 'jinja2' when starting a Jupyter notebook.""]",[],"The Generated Answer accurately conveys all key facts and instructions from the Original Answer, including the error context and the resolution steps. There are no omissions or distortions."
PARTLY_RELEVANT,"['Correlation matrix is used to identify high correlation between features.', 'Correlation is calculated using numerical features.']","['Correlation matrix should be created after splitting the dataset.', 'The Generated Answer does not explain how to find the two most correlated features.']","The Generated Answer provides methods to identify high correlation between features but omits key details from the Original Answer, such as the need to calculate correlation after splitting and how to find the two most correlated features."
RELEVANT,"['The name of the Dockerfile should be `Dockerfile`.', 'The Dockerfile needs to be without any extension.', 'Creating the file with an extension, such as `Dockerfile.dockerfile`, will create an error when building the docker image.']",[],"The Generated Answer accurately conveys all key facts and claims from the Original Answer, including the correct naming of the Dockerfile, the need to avoid extensions, and the potential error caused by using an incorrect file name."
NON_RELEVANT,[],"['The Original Answer discusses access to a repository link for homework correction.', 'The Original Answer mentions installing a Conda environment on a local machine.', 'The Original Answer asks about recommended IDEs for machine learning but does not specify Visual Studio Code or its features.']","The Generated Answer introduces Visual Studio Code as a recommended IDE for machine learning, which is not mentioned or implied in the Original Answer. The Original Answer primarily addresses repository access, Conda environment installation, and a general question about IDEs without specifying any particular IDE or its features."
PARTLY_RELEVANT,"['Linear regression is a simple model that cannot and should not fit the data 100%.', 'A perfect fit would indicate overfitting.', 'Linear regression creates a linear relationship, which may not capture the complexities of the underlying data.']","['The Original Answer emphasizes the intuition behind linear regression using a visual example of fitting dots with a line, which is absent in the Generated Answer.', 'The Original Answer mentions scipy.optimize.curve_fit as a method to achieve a perfect fit, but this detail is omitted in the Generated Answer.']","The Generated Answer captures the general idea of linear regression not fitting perfectly and the risk of overfitting but omits the illustrative example and specific mention of scipy.optimize.curve_fit, which are key elements of the Original Answer."
RELEVANT,"[""The command '!ls -lh' results in an error in Windows Jupyter Notebook."", ""The alternative command '!dir' provides similar output.""]",[],"The Generated Answer accurately conveys the key facts and intent of the Original Answer, including the issue with '!ls -lh' and the suggested alternative '!dir' for similar functionality. There are no omissions or contradictions."
RELEVANT,"['The loss skyrockets to 1000+ during the first epoch after augmentation.', 'Accuracy settles around 0.5, indicating the model performs like a random coin flip.', ""The solution involves checking that the augmented ImageDataGenerator includes the 'rescale' option as specified in previous steps.""]",[],"The Generated Answer accurately conveys all key facts and claims from the Original Answer, including the issue of loss and accuracy after augmentation and the solution involving the 'rescale' option in ImageDataGenerator."
RELEVANT,"['It is recommended to rewatch the video on the ROC curve.', 'You can move on without fully understanding the concept.', 'It might be useful to rewatch the video or explore other resources on the topic.', 'The ROC AUC is one of the most important metrics used in Binary Classification models.']",[],"The Generated Answer captures all key facts and claims from the Original Answer, including the recommendation to rewatch the video, the possibility of moving on without full understanding, the suggestion to explore additional resources, and the importance of ROC AUC in Binary Classification models."
PARTLY_RELEVANT,"['To create a deep copy of a dataframe, use X_copy = X.copy().', 'A deep copy ensures changes to X_copy do not affect the original dataframe X.']","[""Explanation that using X_copy = X without .copy() creates a 'view' rather than a real copy."", 'Details about how changes to X_copy will reflect back to X if .copy() is not used.']","The Generated Answer captures the method for creating a deep copy and its purpose but omits the explanation about the consequences of not using .copy(), such as creating a 'view' and changes reflecting back to the original dataframe."
RELEVANT,"['Open the Pipfile using the nano editor.', 'Remove either the python_version or python_full_version line.', 'Press CTRL+X, then type Y and hit Enter to save the changes.', 'Run pipenv lock to create the Pipfile.lock.', 'Continue with your work after completing these steps.']",[],"The Generated Answer accurately captures all the key steps and intent of the Original Answer, including the resolution process for the error, the specific commands, and the instruction to continue work afterward. There are no omissions or contradictions."
PARTLY_RELEVANT,"['The difference in area on each side of the long tail distribution is caused by the presence of a few observations with high values.', 'The mean, median, and mode become different in the long tail distribution.']","['The Generated Answer does not mention that the mean is no longer representative in the long tail distribution.', 'It omits the point that the range becomes larger in the long tail distribution.', 'The Generated Answer does not address the probability of being on the left or right side being unequal.']","The Generated Answer captures some key points about the unequal areas and the changes in mean, median, and mode but omits other critical aspects such as the representativeness of the mean, the larger range, and the unequal probabilities on each side."
PARTLY_RELEVANT,"[""The error occurs because the churn column only consists of 0's."", ""The issue arises from using the line `df.churn = (df.churn == 'yes').astype(int)`."", 'The ValueError states that the solver needs samples of at least two classes but only finds one class: 0.']","['The Original Answer mentions deleting a cell to resolve the issue, which is not addressed in the Generated Answer.', 'The Generated Answer suggests checking the dataset to ensure both classes are present, which is an additional suggestion not explicitly stated in the Original Answer.']",The Generated Answer captures the main issue and error explanation but omits the specific solution of deleting a cell and introduces an additional suggestion about checking the dataset that is not in the Original Answer.
PARTLY_RELEVANT,['Students of the previous cohort spent around ~10 hours per week.'],"['Timur Kamaliev did a detailed analysis of how much time students of the previous cohort needed to spend on different modules and projects.', 'Reference to the full article.']","The Generated Answer captures the weekly time spent (~10 hours) but omits the details about Timur Kamaliev's analysis and the reference to the full article, which are key components of the Original Answer."
PARTLY_RELEVANT,"['Check that scipy is installed in your environment.', 'Restart Jupyter kernel and try again.']","['The Original Answer does not mention installing scipy using `!pip install scipy`.', 'The Generated Answer adds steps not present in the Original Answer, such as running a command to install scipy.']","The Generated Answer overlaps with the Original Answer on checking scipy installation and restarting the Jupyter kernel, but it introduces additional steps (e.g., installing scipy via pip) that are not mentioned in the Original Answer."
PARTLY_RELEVANT,"['The syntax of the COPY command in a Dockerfile is provided.', 'The example includes copying files `predict.py` and `xgb_model.bin`.']","['The Generated Answer does not mention that files can be copied from the local machine into a Docker container using the `docker cp` command.', 'The Generated Answer omits the explanation about providing the folder containing the files in the Dockerfile.']",The Generated Answer provides an example of the COPY command but omits key details about the broader context of copying files into a Docker container and the use of the `docker cp` command mentioned in the Original Answer.
RELEVANT,"[""'500m' stands for 500 milliCPUs."", '500 milliCPUs is equivalent to 0.5 CPU core.', ""The 'm' indicates that the value is in milliCPUs."", 'MilliCPUs allow for fine-grained control over CPU resources.', 'MilliCPUs enable specifying CPU requirements and limits with greater granularity.']",[],"The Generated Answer accurately conveys all key facts and claims from the Original Answer, including the meaning of '500m', its equivalence to 0.5 CPU core, and the benefits of using milliCPUs for granular control over CPU resources."
RELEVANT,"[""Wget doesn't ship with macOS, so alternatives like curl can be used."", 'Example command for using curl to download a file: curl -o ./housing.csv https://raw.githubusercontent.com/alexeygrigorev/datasets/master/housing.csv', 'Explanation of curl: a utility for retrieving information from the internet.', 'Explanation of -o: tells curl to store the result as a file.', 'Explanation of filename: the name chosen for the downloaded file.', 'Explanation of URL: the web address from which data is extracted and saved.']",[],"The Generated Answer captures all the key facts, claims, and intent of the Original Answer, including the example command, explanations of the components, and the purpose of curl. There are no omissions or distortions."
PARTLY_RELEVANT,"['Fillna() should be done before splitting the initial dataframe to avoid data leakage.', 'Properly preparing the data can streamline the process of handling missing values.']","['The Original Answer mentions specific functions like prepare_df(), rmse(), and train_linear_regression() that can be reused, but these are not referenced in the Generated Answer.', 'The Original Answer specifies that all three dataframes and three y_vectors are prepared, which is omitted in the Generated Answer.']","The Generated Answer captures the general idea of handling missing values before splitting the data to avoid leakage, but it omits key details about the specific functions and outputs mentioned in the Original Answer."
RELEVANT,"['Launch the container image in interactive mode by overriding the entrypoint to start a bash command.', 'Command to launch the container: docker run -it --entrypoint bash <image>', 'If the container is already running, find the container ID using docker ps.', 'Command to execute a bash shell inside a running container: docker exec -it <container-id> bash']",[],"The Generated Answer accurately captures all key facts and instructions from the Original Answer, with no omissions or contradictions. Minor wording differences do not affect the conveyed information."
RELEVANT,"['The link to the environment setup instructions is provided.', 'The link is relevant to configuring the environment.']",[],The Generated Answer captures all key facts and intent of the Original Answer by providing the same link for environment setup instructions. There are no omissions or contradictions.
RELEVANT,"['The AWS Serverless Framework can help in deploying a Flask application on AWS Lambda.', 'A Docker image for the Flask app can be created and pushed to AWS ECR.', 'The application can be exposed as a REST API through API Gateway using the AWS Serverless Framework.', 'A detailed walkthrough is available in the linked article.']",[],"The Generated Answer accurately captures all key facts and claims from the Original Answer, including the use of the AWS Serverless Framework, the creation of a Docker image, its deployment to AWS ECR, and exposure as a REST API via API Gateway. The reference to the article is also included."
PARTLY_RELEVANT,"['The np.log1p() method is useful when the target variable has a long tail distribution, such as in prices, with a wide range.']",['The np.log1p() method will not work if the target variable has negative values.'],"The Generated Answer captures the main point about the np.log1p() method being useful for long tail distributions, but it omits the critical detail that the method will not work for target variables with negative values."
PARTLY_RELEVANT,['A simplified guide is available for setting up CUDA and cuDNN on a local machine.'],"[""The Generated Answer introduces specific sections ('How to install CUDA & cuDNN on Ubuntu 22.04' and 'CUDA toolkit and cuDNN Install for Tensorflow') which are not mentioned or implied in the Original Answer."", 'The Generated Answer does not explicitly mention that the process can be overwhelming, as stated in the Original Answer.']","The Generated Answer partially aligns with the Original Answer by mentioning a simplified guide for installing CUDA and cuDNN. However, it introduces unsupported details about specific sections and omits the Original Answer's acknowledgment of the complexity of the process."
PARTLY_RELEVANT,"['Use the method `get_feature_names_out()` instead of `get_feature_names`.', 'This change will resolve the deprecation warning.']","['The Original Answer states that the warning is not a concern, but this is omitted in the Generated Answer.', 'The Generated Answer introduces an example (`list(dv.get_feature_names_out()`) and additional details about fitting predictor and response arrays, which are not mentioned in the Original Answer.']","The Generated Answer captures the main points about using `get_feature_names_out()` to address the deprecation warning but omits the Original Answer's reassurance that the warning is not a concern. Additionally, it introduces new, unsupported details that are not present in the Original Answer."
PARTLY_RELEVANT,"['The basic syntax to copy files in a Dockerfile is provided.', 'The example syntax includes the `COPY` command with file paths.']","['The Generated Answer omits the context about copying files from a local machine into a Docker container.', 'The Generated Answer does not mention the use of the `docker cp` command as described in the Original Answer.']","The Generated Answer captures the syntax for the `COPY` command in a Dockerfile, which is part of the Original Answer. However, it omits the broader context about copying files from a local machine into a Docker container and the mention of the `docker cp` command, which are key points in the Original Answer."
NON_RELEVANT,[],"['Create a virtual environment using the Cmd command.', 'Use the pip freeze command to write the requirements in a text file.']","The Generated Answer does not address the key points of the Original Answer, which focuses on creating a virtual environment and using pip freeze to generate a requirements file. Instead, the Generated Answer discusses troubleshooting Pipfile and Pipfile.lock dependencies, which is unrelated to the Original Answer's content."
NON_RELEVANT,[],"['Experimenting without care for storage led to running out of space on a 30-GB AWS instance.', 'Deleting Docker images does not free up space as expected.', ""After removing Docker images, it is necessary to run 'docker system prune' to free up space.""]","The Generated Answer does not address any of the key points from the Original Answer. It instead discusses a requirement for making posts for a midterm project, which is entirely unrelated to the topic of Docker image storage and space management."
RELEVANT,"[""The 'workers' parameter in 'model.fit()' can be specified to speed up data loading and generation."", ""The default value of 'workers' is 1."", 'Users can experiment with values between 1 and the CPU count on their system for optimal performance.', ""The TensorFlow documentation provides more information on 'model.fit()'.""]",[],"The Generated Answer accurately conveys all the key facts and claims from the Original Answer, including the purpose of the 'workers' parameter, its default value, the range of values to experiment with, and the reference to the TensorFlow documentation."
RELEVANT,"['The dataset can be shuffled using the pandas built-in function `pandas.DataFrame.sample`.', 'Setting `frac=1` returns a shuffled version of the complete dataset.', 'Setting `random_state=seed` ensures the same randomization as used in the course resources.', ""The shuffled dataset's index can be reset using `df.reset_index(drop=True, inplace=True)`.""]",[],"The Generated Answer captures all the key facts and claims from the Original Answer, including the method for shuffling the dataset, the significance of `frac=1` and `random_state=seed`, and the resetting of the index. There are no omissions or inaccuracies."
PARTLY_RELEVANT,"['Accuracy differences can arise due to the method used for splitting the data.', 'Maintaining the desired ratio (e.g., 60% train, 20% validation, 20% test) does not guarantee identical splits.']","['Specific examples of splitting methods (two options) and their differences are omitted.', 'Recommendation to use the second method for consistency with lessons and homeworks is missing.']",The Generated Answer captures the general idea that accuracy differences are influenced by data splitting methods but omits critical details such as the specific examples provided and the explicit recommendation to use the second method for consistency.
PARTLY_RELEVANT,"['Install the Google Cloud SDK by following the instructions at https://cloud.google.com/sdk/docs/install.', 'Run the command `gcloud auth configure-docker` in the console to set up permissions and authentication.']","[""The Generated Answer does not mention the specific error message ('unauthorized: You don't have the needed permissions to perform this operation, and you may have invalid credentials.') that the Original Answer addresses."", 'The Generated Answer does not clarify that the command `gcloud auth configure-docker` is a solution to the specific error scenario.']","The Generated Answer covers the steps to configure the console but omits the context of the error message and its resolution, which are key aspects of the Original Answer."
RELEVANT,"['RMSE is calculated by taking the square root of the Mean Squared Error (MSE).', 'MSE is computed using the actual and predicted values.', 'Necessary libraries include numpy and sklearn.metrics.', 'The RMSE can be printed for display.', 'An alternative method to compute RMSE directly using mean_squared_error with squared=False is mentioned.']",[],"The Generated Answer captures all key facts and steps from the Original Answer, including the calculation process, required libraries, and an alternative method for computing RMSE. There are no omissions or inaccuracies."
PARTLY_RELEVANT,"['Password authentication for GitHub is no longer supported.', 'You should create a personal access token from your GitHub account and use it when pushing code.']","['The mention of SSH keys as an alternative authentication method.', 'The fatal error message and its context from the Original Answer.']","The Generated Answer captures the main solution of creating a personal access token and acknowledges the removal of password authentication. However, it omits the alternative SSH key method and the context provided by the error message in the Original Answer."
PARTLY_RELEVANT,['The article link is provided as a resource.'],['The Original Answer does not mention TensorFlow GPU installation or steps related to CUDA and cuDNN.'],"The Generated Answer includes the article link from the Original Answer but adds information about TensorFlow GPU installation and CUDA/cuDNN, which is not present in the Original Answer. This creates partial relevance but introduces unsupported details."
PARTLY_RELEVANT,"['The `roc_auc_score` function expects `y_true` as one of its parameters.', '`y_true` represents the actual target values or ground truth for the classification problem.']","['The Original Answer specifies that `y_true` and `y_score` are passed for each numerical value in the dataframe, which is omitted in the Generated Answer.']",The Generated Answer captures the general role of `y_true` in the `roc_auc_score` function but omits the specific detail about how `y_true` and `y_score` are passed for each numerical value in the dataframe.
RELEVANT,"['Quinn Avila solved the issue of Jupyter notebook not recognizing a newly installed package.', ""The package was installed using 'pip install pillow'."", 'The issue was resolved by restarting the Jupyter notebook.', 'After restarting, the imports worked correctly.']",[],"The Generated Answer accurately captures all the key facts and claims from the Original Answer, including the problem, the solution (restarting the Jupyter notebook), and the result (imports worked). There are no omissions or contradictions."
RELEVANT,"['The median_house_value target was changed to binary format.', 'The values were made discrete as either 0 or 1 instead of remaining continuous.', 'This change was necessary for the calculation of the mutual information score, which applies to categorical or discrete variables rather than continuous ones.']",[],"The Generated Answer accurately captures all key facts and claims from the Original Answer, including the modification of the target variable to binary format and the reasoning behind it related to mutual information score calculation."
